<?xml version="1.0"?>
<?xml-stylesheet type = "text/xsl" href = "4.xsl"?>
<class>
   <employee id="001">
      <firstname>Kiran</firstname>
      <middlename>Kumar</middlename>
	<lastname>H</lastname>
      <fathername>Ajay</fathername>
      <dob>28-05-1995</dob>
      <city>Puttur</city>
      <state>Karnataka</state>
      <qualification>BCA</qualification>
      <salary>75500</salary>
   </employee>
   <employee id="002">
      <firstname>Ajay</firstname>
      <middlename>Dev</middlename>
	<lastname>Gan</lastname>
      <fathername>Gomez</fathername>
      <dob>20-12-1999</dob>
      <city>Udupi</city>
      <state>Karnataka</state>
      <qualification>BCA</qualification>
      <salary>20000000</salary>
   </employee>
</class>  